movieId,similar,title
32,0.9976460933685303,Twelve Monkeys (a.k.a. 12 Monkeys) (1995)
10,0.9976044297218323,GoldenEye (1995)
16,0.9974915981292725,Casino (1995)
110,0.996921956539154,Braveheart (1995)
36,0.9968529343605042,Dead Man Walking (1995)
34,0.9967635869979858,Babe (1995)
62,0.9966761469841003,Mr. Holland's Opus (1995)
21,0.9966155886650085,Get Shorty (1995)
25,0.9964439868927002,Leaving Las Vegas (1995)
